0,51.5092544152295,-0.161045321097076,-0.0159458781398624,0.047031348907029,-1.96660840653116
0.5,51.5092506414934,-0.16104376787515,0.14594421526966,-0.0182780629113054,-3.11769670189876
1,51.5092502875184,-0.161044693203495,0.235666603334364,0.0129009139040123,-0.99393115932748
1.5,51.5092522530604,-0.161044494352018,0.505320231703448,-0.015731135327964,0.224598091855323
2,51.5092551334193,-0.161044397044157,0.759840657014604,0.00743147033306092,-0.125748762684083
2.5,51.5092590805148,-0.161044628951662,0.981797011036613,0.0111846228381517,0.266488319262225
3,51.5092639486289,-0.161044083639927,1.24055627768077,0.0140392759455087,0.533628918386615
3.5,51.5092692045127,-0.161043466898441,1.23592840725249,-0.0195998161789755,1.19681189460355
4,51.50927493475,-0.161043036564608,1.2439799704701,-0.00822738538880782,-1.83070611107596
4.5,51.5092802430339,-0.161042392479176,1.25007978035209,-0.00242623266363435,-1.52695528932515
5,51.5092857260866,-0.161042039154782,1.2372459720818,0.00373907252237368,-0.701945784692675
5.5,51.5092914657808,-0.161041776056884,1.2648631011806,-0.0261423375906806,0.376999966787677
6,51.5092969104338,-0.161041473472807,1.22932253090559,0.0358431100301114,-0.94381996000138
6.5,51.5093023435442,-0.161040851007581,1.2368913124603,0.0231940150867639,1.37666422771989
7,51.5093079081655,-0.161040468787638,1.2698080756809,-0.0125541518542496,0.321738668723833
7.5,51.5093135832672,-0.161040021950068,1.25202507174962,0.014330581175483,1.09770429268504
8,51.5093191233082,-0.161039554872365,1.23560521948731,0.00291343181502832,-1.12071666955264
8.5,51.5093247657001,-0.161039152892997,1.25680811306503,-0.00278618267107992,-2.49882880691591
9,51.5093303499815,-0.161038754809232,1.26150895866641,0.0172312393165785,-2.36612514254396
9.5,51.5093360803435,-0.161038197163938,1.26759277686299,0.0352118736495449,3.92810044201001
10,51.5093416941018,-0.161037696437165,1.23393534043142,0.0381530591765077,4.60975531392787
10.5,51.5093472552528,-0.161037439939322,1.24637645331276,0.0156359307902073,2.97549540509794
11,51.5093528979289,-0.161037294309242,1.2731498135967,0.000207110907241979,1.83730859738129
11.5,51.5093586060208,-0.161037122417266,1.25308755382244,0.0340621328209489,0.199732247918231
12,51.5093641704351,-0.161036965843888,1.25986271235757,-0.00903946980043796,-0.457053032116829
12.5,51.5093698083981,-0.161036980301684,1.23925540204366,-0.0174315779810219,-0.136425318878104
13,51.509375337927,-0.161036998471671,1.23904352322623,0.00195173213440243,-0.852602554451224
13.5,51.5093809587215,-0.161036974692449,1.24319846800794,0.0109915945617079,-1.81876367889685
14,51.5093865507693,-0.161036897376201,1.26840665777939,0.0132071405333588,-1.86087064558061
14.5,51.50939223259,-0.161036968582918,1.24375440280048,-0.044138270872364,0.261160228140748
15,51.5093977994077,-0.161037192232331,1.25324893117299,-0.0326221030100904,-1.68201809643614
15.5,51.5094033937074,-0.161037376570323,1.22467210130043,-0.0113924047224663,-4.18349450622639
16,51.5094088493659,-0.161037398269854,1.21633824733051,-0.00437401200440019,-3.80907464249477
16.5,51.5094143580304,-0.161037394970417,1.23918437615355,-0.0110934000901715,-1.45662029079903
17,51.5094198362206,-0.161037375249428,1.20969027248674,-0.000228740980155132,-1.14322534048851
17.5,51.5094253960928,-0.161037375817821,1.23621335162142,-0.00336668086052786,-1.66734089592881
18,51.5094308663252,-0.161037273609457,1.24856356235025,0.00568929614320618,-1.72923278985615
18.5,51.5094365128608,-0.16103721386347,1.23086636875862,-0.011214789481902,-1.16257212173274
19,51.5094419284711,-0.161037120782611,1.24224757824872,0.0030886940765847,-1.22871260857361
19.5,51.5094476616407,-0.161036936411792,1.25255701333678,0.0147413041251629,1.51407709539673
20,51.5094532981777,-0.161036748802511,1.25800328599726,0.0119534550062785,1.44127070308069
20.5,51.5094588344791,-0.161036614325951,1.24133809195977,0.00834354567122889,0.27871379125728
21,51.5094643817026,-0.161036429094678,1.227280012497,0.0184409756710919,-0.900905697208473
21.5,51.5094698600536,-0.16103619123614,1.23524434197004,0.00848963045879195,2.07964841628277
22,51.5094754138855,-0.161036187749926,1.25878232109971,-0.027109539501778,0.117130402839594
22.5,51.5094809656069,-0.161036283761462,1.23967189607398,-0.0166244845301054,-1.70187735129864
23,51.5094866228223,-0.161036405144937,1.25674761997129,-0.0217609974060116,0.197526726104154
23.5,51.5094920834592,-0.161036329527147,1.20531842133685,0.0261295408468901,1.17942721172097
24,51.509497631416,-0.161036216434845,1.23843563220454,0.00844207532919665,-1.38745784554041
24.5,51.5095031110554,-0.161036174307301,1.23177948084345,-0.00861025046693026,-0.670691780971341
25,51.50950871289,-0.161036204247782,1.25121221652663,-0.00795762962968888,0.50402245333245
25.5,51.5095143112539,-0.161036354003315,1.25427865016339,-0.0424067083179439,-0.0759607932200497
26,51.5095199621206,-0.161036473286312,1.27183778246667,0.00490615936046132,-0.139391598480651
26.5,51.5095255944802,-0.161036543484816,1.25085801497209,-0.0240659782093387,-2.83626131334728
27,51.509531105134,-0.161036647647253,1.2094916175632,-0.00900429960030767,-2.06190354316465
27.5,51.509536638395,-0.161036852055529,1.23967312690136,-0.0565493324071115,1.7351897676416
28,51.5095421961381,-0.161037117447349,1.2519284406553,-0.0304006595794912,0.720519323114761
28.5,51.5095477854628,-0.161037385306512,1.24052937657911,-0.0367790984922447,0.704041195113362
29,51.5095533545491,-0.161037687718036,1.24696658188992,-0.0458110529126105,-2.56796619472882
29.5,51.5095589366509,-0.161037977355016,1.24144441239451,-0.0275333611615125,-3.02885466281661
30,51.5095645650213,-0.161038132705967,1.25157581931852,-0.00596379197923919,-3.14850349403934
30.5,51.5095701674506,-0.161038152073908,1.25136558694228,-0.0152504419191163,-1.86025428906724
31,51.5095757754451,-0.161038219489253,1.25637166910486,-0.0134780273218199,0.441794755044758
31.5,51.5095813334358,-0.161038231919462,1.23207242906236,-0.000775312472810624,0.358334605864964
32,51.5095868690694,-0.1610382666112,1.23486307675375,-0.0199945134552206,2.55790005262148
32.5,51.5095918489684,-0.161038307785786,0.994168053738538,-0.0194624801013861,0.539760712176334
33,51.5095955804255,-0.161038489068358,0.749004850760413,-0.0116053060219848,-3.19435104146774
33.5,51.5095983741654,-0.161038546189709,0.510274997166934,-0.0244632601136098,-3.20594965436417
34,51.5095998440305,-0.161038605262379,0.234246190120971,0.00158051875098,-0.28750149370466
34.5,51.5096008107453,-0.16103828391205,0.22675578883622,0.0684242409535697,11.203674673823
35,51.5096018935678,-0.16103750144117,0.253183616289117,0.131972745796938,30.2248191208822
35.5,51.5096027800951,-0.16103632765073,0.17298945249168,0.176916742176237,46.4596973047494
36,51.5096034133474,-0.161034825681091,0.105577955818953,0.215148135263427,62.3274748458256
36.5,51.5096036961774,-0.161033238355192,0.0599809335808527,0.226608484958014,77.7741245644752
37,51.5096038523488,-0.161031481373682,0.0129387656809273,0.226462869736322,90.3977526752954
37.5,51.5096037076906,-0.161029742837167,-0.0552743552224126,0.24253971237625,105.092161520338
38,51.5096032513671,-0.161028007353192,-0.132362619291008,0.232478056370506,117.494858712232
38.5,51.5096025912738,-0.161026612897932,-0.15599268396028,0.166535482142319,129.171638192965
39,51.5096016824192,-0.161025520022051,-0.231867373233938,0.130001724964888,143.960141655552
39.5,51.5096006335348,-0.161024821076726,-0.218869333012488,0.0717323516179673,163.47028389826
40,51.5095995481629,-0.161024568164869,-0.257049505839212,0.00361077894280426,179.702822637628
40.5,51.5095977193207,-0.161024418389972,-0.522412671511686,0.0359290606479561,184.66177015771
41,51.5095947045416,-0.161024338317722,-0.760142497124082,-0.0224169635056735,179.03525215117
41.5,51.5095906263061,-0.161024312215425,-1.02283932929907,0.0193130112146241,182.223712515445
42,51.5095853804235,-0.161024258786596,-1.25293041530981,-0.00285037229061766,182.497024170051
42.5,51.5095797754245,-0.161024180531575,-1.24858210282513,0.0158904883414572,178.062917776091
43,51.5095740189254,-0.161023948403052,-1.26242905173016,0.0211277963439303,176.741007710818
43.5,51.5095685297666,-0.161023931344753,-1.21992072084399,-0.00394561447356996,179.958054493923
44,51.5095629051319,-0.161023983879797,-1.2408740595216,-0.0250348396819766,179.547485269144
44.5,51.5095573849617,-0.161024049998114,-1.23472998090672,0.00295392722871547,180.977140235381
45,51.50955173702,-0.161023898971429,-1.26072304291261,0.026357975530369,178.899759783411
45.5,51.5095461240482,-0.161023821208658,-1.25588781214915,-0.0219718234299453,180.071726230503
46,51.5095403603611,-0.161023860712404,-1.26338882831421,0.00791576899223367,181.269699170758
46.5,51.5095348905107,-0.161023919218011,-1.20856348720138,-0.0428139103359361,179.918384066697
47,51.5095292704455,-0.161024115955204,-1.26894907245942,-0.0288511561650286,177.609760277001
47.5,51.5095236640391,-0.161024210606376,-1.23734601535183,-0.0306277916508671,177.523737516073
48,51.5095180392958,-0.161024459551218,-1.25227023176101,-0.0295188040424109,178.18244283888
48.5,51.509512305006,-0.161024509839018,-1.27349400141817,0.00429783098293943,181.54362556066
49,51.5095066994576,-0.161024625257284,-1.23607028398225,-0.0312119662675953,182.450571586571
49.5,51.5095010688434,-0.16102448329016,-1.26407106576277,0.0406142645916555,178.013583468566
50,51.509495338932,-0.161024350434605,-1.27593112814059,-0.00237975815828668,180.904265205202
50.5,51.5094896991059,-0.161024265214874,-1.24518832005374,0.0161259531721302,178.483667242678
51,51.5094840061696,-0.161024137147626,-1.28485384080138,0.00345052882412965,176.093190134935
51.5,51.509478317314,-0.161024106808087,-1.25014314513999,0.00881763592112558,178.790712753699
52,51.5094727701121,-0.161024029926071,-1.23822898087224,0.0191779884276648,182.328939844972
52.5,51.5094671902438,-0.161023949525846,-1.24077926052509,0.00609402468104728,179.270619676571
53,51.5094616160987,-0.161023896681532,-1.23745806976386,-0.0109311212754077,180.918925915949
53.5,51.5094560385178,-0.161023958337666,-1.270592879894,0.00764631211545107,183.385519028216
54,51.5094502471278,-0.161023918454269,-1.26167345226875,-0.00911219382447247,182.982458781538
54.5,51.5094446894537,-0.161023948186924,-1.26122568833417,-0.00824661133387111,181.936762795222
55,51.509438979465,-0.161023933887504,-1.27411481060949,0.00163093000464513,178.07512948799
55.5,51.5094333067351,-0.161023755669377,-1.24038120663134,0.0277705126719476,178.024584101181
56,51.5094277478827,-0.161023687304728,-1.26598280417043,-0.0106951682332707,177.066229601873
56.5,51.509422011402,-0.161023601666996,-1.24202422072608,0.0180624114550861,177.086781552172
57,51.5094165172805,-0.161023528889981,-1.242363533884,0.00468726645858545,178.43097628862
57.5,51.5094108401187,-0.161023347453243,-1.25426977857319,0.0366082250850362,180.489774615434
58,51.5094052477263,-0.161022911900002,-1.26425178611563,0.0696645260248857,175.785251077452
58.5,51.5093995752358,-0.161022508025517,-1.2588578892977,0.0263366574812874,175.433285795263
59,51.5093938715408,-0.161022421328431,-1.27594575039041,0.00970128963373654,178.931659228204
59.5,51.5093881914688,-0.161022277090045,-1.2530541373087,0.0199761850443682,177.870194716488
60,51.5093825112973,-0.161022107662979,-1.26573742738341,0.019700883823164,180.090657156188
60.5,51.5093768429658,-0.161022074219708,-1.25481205559794,-0.00900506965657889,180.242494872028
61,51.5093712454986,-0.161022147949586,-1.23881790549739,-0.029822222573326,178.166181556348
61.5,51.5093657237193,-0.161022403272487,-1.23782924389173,-0.0375719673932341,179.880116292815
62,51.5093600840103,-0.161022627953573,-1.25825276465574,-0.0256584564340528,180.588082527115
62.5,51.5093543931395,-0.161022698567703,-1.263586086739,-0.0050950910345363,179.666024742835
63,51.5093487755761,-0.161022891385719,-1.24671463152267,-0.0380320098033498,183.478887310079
63.5,51.5093430691167,-0.16102302349974,-1.2828657887288,-0.00209825356558679,182.615794518722
64,51.50933742334,-0.161023154981632,-1.24395918340704,-0.0396221928613721,182.691494869275
64.5,51.5093318729117,-0.161023355826028,-1.23661945923903,-0.0172030616621328,182.636895368884
65,51.5093262129391,-0.161023424037852,-1.26965696365922,0.00361253950189948,181.16494615067
65.5,51.5093205839392,-0.161023185508726,-1.23940639538918,0.0470873416793588,179.44740648007
66,51.5093149794621,-0.161022846882975,-1.26213893686256,0.0518702855041417,179.219159147858
66.5,51.5093092559314,-0.161022601493749,-1.27392369830412,0.0122146016386605,179.145681273139
67,51.5093036701841,-0.161022555440317,-1.22263578121173,0.00263012266980162,179.44634291345
67.5,51.509298151656,-0.161022514270663,-1.23244986921028,-0.00200197207158834,177.422755905229
68,51.5092925753281,-0.16102252196786,-1.22440425879946,0.0046828465524739,179.734673837976
68.5,51.5092871356753,-0.161022527460953,-1.2284754071421,-0.00192703498396693,180.350185692696
69,51.5092814740068,-0.161022519515538,-1.25636788008694,-0.0050365463110181,178.121191380887
69.5,51.5092759286733,-0.161022552728085,-1.25171690059033,-9.98339979244346e-05,179.81372454431
70,51.5092702418846,-0.161022517324521,-1.26406830973438,0.00874678725435719,180.224460354417
70.5,51.5092646095475,-0.161022451314959,-1.25428871761813,0.00595311846814601,179.107830727206
71,51.5092589774536,-0.16102237134899,-1.25998984075331,0.00841683761535093,177.745993228082
71.5,51.50925393811,-0.161022446679757,-0.980302370121495,-0.0210899039088423,180.867328685678
72,51.5092502024699,-0.161022451821061,-0.752417568212623,0.0147578588955781,179.3003665338
72.5,51.5092474110314,-0.161022338795504,-0.495182435147535,0.0104393987835348,176.665931664537
73,51.5092458087469,-0.161022265167945,-0.263573697703694,0.00816335566511544,177.293381764823
73.5,51.5092448593675,-0.161021912857509,-0.21128576251161,0.0821956755016826,167.887630983399
74,51.5092438466924,-0.16102111322474,-0.218276787789751,0.118326947047196,147.894452729742
74.5,51.5092430990445,-0.161020120285794,-0.156229365034234,0.15475555271159,132.708896246406
75,51.5092424559834,-0.161018624685079,-0.141180636138591,0.252525851834277,117.866411679467
75.5,51.5092420230019,-0.161016673586806,-0.0443642342364226,0.243178813653233,101.768037497535
76,51.5092420352386,-0.161014988766853,0.0185952144780039,0.261131298486431,88.1154254639642
76.5,51.5092422108884,-0.161013088796186,0.0637716562108667,0.233108388183794,75.3101180317193
77,51.5092427019411,-0.161011475803386,0.131875703794548,0.231034898807909,61.3751733633654
77.5,51.509243351167,-0.161010053883967,0.161074088461481,0.183292084859647,44.9670944686827
78,51.50924426345,-0.161008755437762,0.214573896292854,0.156065720013026,28.7965444624179
78.5,51.5092452303145,-0.161008031000879,0.219531290518125,0.0655718121944242,15.0775806585282
79,51.5092462510266,-0.161007782376124,0.229745346459376,-0.00100031399701464,1.38870145502311
79.5,51.5092479018383,-0.161007800294593,0.49599340280489,-0.000313378099210844,-3.15019073426125
80,51.5092507288712,-0.161007832699439,0.746535542288296,-0.0109885888878815,-0.192585592282464
80.5,51.5092547821927,-0.16100780348225,1.00569758218439,0.00524702813004133,0.196782784550039
81,51.5092599057655,-0.161007925081246,1.24319133927238,-0.0415456507641262,1.17890483902186
81.5,51.5092655687125,-0.16100813598877,1.2438126011599,-0.025412744531393,0.804784139753311
82,51.5092712090605,-0.161008297691819,1.26003702984992,-0.0207153010921475,1.32129575067782
82.5,51.5092768930262,-0.161008394482908,1.2698065374361,-0.0210310554442752,0.775041990754272
83,51.5092825744544,-0.161008534944082,1.25527141790585,-0.00165970503562488,-2.27815648298527
83.5,51.5092881255862,-0.161008487277023,1.23589550483275,0.00543626970458937,-2.11401361112905
84,51.509293789958,-0.161008608204046,1.27131402555689,-0.0471336315466567,0.627832082624154
84.5,51.5092994887442,-0.161008850918858,1.25875771626205,-0.0292860397772831,0.739265761937778
85,51.5093051833195,-0.161008887164956,1.26233930203745,0.00365958525000791,0.67676181952368
85.5,51.5093107750997,-0.161008834523626,1.24368590996637,0.022793839200456,-0.7477603237386
86,51.5093163850507,-0.161008619315005,1.25139746374515,0.0287715791591974,-0.458675648336159
86.5,51.5093219778662,-0.161008441141784,1.23531595290166,0.0153703571059614,1.67056136927763
87,51.5093274989806,-0.161008432537741,1.22081143211962,-0.00792525722944929,-1.95509340084234
87.5,51.5093330885153,-0.161008711625267,1.24891273223294,-0.061051179689013,-2.02678606138581
88,51.5093387027529,-0.161009002054241,1.26687563788826,-0.0378765334575084,0.820809194193293
88.5,51.509344400602,-0.161009257229772,1.24731316294024,-0.035975739414523,2.079630962055
89,51.5093499831223,-0.161009425797761,1.26593826793502,-0.0083540975185565,0.362534116107843
89.5,51.5093556978172,-0.16100956366589,1.25641203466933,-0.0259839484411213,-0.430988938575032
90,51.5093613421392,-0.161009516925274,1.24087949364896,0.0262709409867465,1.14906831656023
90.5,51.5093668834001,-0.161009473045586,1.23890146059003,-0.0169554993136808,1.73820983034426
91,51.5093725259418,-0.161009544109364,1.26379759580006,0.00239763578237459,-1.2974528723772
91.5,51.5093781197667,-0.161009659562818,1.23373173015309,-0.0341756513513495,-1.09510630453586
92,51.5093836716033,-0.161009768424844,1.24282886206035,0.000592899595465025,-2.48021707351587
92.5,51.5093893120653,-0.161009927341901,1.24234854504035,-0.034911005586803,-1.31139532647488
93,51.5093948298912,-0.161010042787993,1.2450677581719,-0.0134081698257939,-1.52094277870164
93.5,51.509400541363,-0.161010089157281,1.24446142060996,0.00408931148873565,-0.544868630167232
94,51.5094061151205,-0.161009904172316,1.27468413859583,0.0238271119825728,2.80125766579313
94.5,51.5094118205797,-0.161009788266859,1.24338725684951,0.00846290152361801,2.31222995059151
95,51.5094174521063,-0.161009515836066,1.24834844044131,0.0511649142537706,1.80349944938598
95.5,51.5094230643225,-0.161009434572522,1.26252473081107,-0.0147017740872116,-1.1276266006779
96,51.5094286834125,-0.161009506649845,1.22914222494535,-0.0119474958986009,-1.99390001658849
96.5,51.5094342686785,-0.161009448045205,1.24528771342483,0.0217603477097262,-0.744219868635508
97,51.5094398517766,-0.16100918896331,1.23723653579442,0.0282459756376041,2.39302673312546
97.5,51.5094455547666,-0.16100900306924,1.29304915604048,0.00784775912289509,2.8944012431909
98,51.5094512844626,-0.161008891365979,1.25724659730725,0.0229492237820673,2.37450353352783
98.5,51.5094568629025,-0.161008693189002,1.22856230129876,0.0251598615770045,1.89519499461816
99,51.5094624405459,-0.161008401458688,1.23307892941157,0.0519312790649284,1.97423317790843
99.5,51.5094679352519,-0.161008014050824,1.23467714501251,0.0546037379043318,0.661373639140944
100,51.5094735733069,-0.161007929440551,1.25864952479629,-0.0165285277520878,-1.43301101660187
100.5,51.5094791114799,-0.161007862408196,1.24083478792665,0.0217078577059509,-0.640272263146053
101,51.5094848268947,-0.161007886409098,1.24847174436071,-0.0288174303846128,-0.373754357043884
101.5,51.5094902688195,-0.161007918601579,1.22168126688229,0.0104146676948637,0.721026801419989
102,51.5094958488666,-0.161007842094928,1.24508662406499,0.0085729947770753,1.68597808715162
102.5,51.5095015555591,-0.16100787609188,1.27101175452207,-0.0165602873467522,-1.27371246881654
103,51.5095071399763,-0.161007781080885,1.2391191009259,0.0474249565059434,-0.0991466199138315
103.5,51.509512747998,-0.161007701654864,1.27401763342928,-0.0250872445458819,-2.05170531528238
104,51.5095185082454,-0.161007941696888,1.26751086408613,-0.0321525823353003,-2.43973438014641
104.5,51.5095240197416,-0.16100814618542,1.22076764622506,-0.0295068259263645,-2.82863271601225
105,51.5095296139246,-0.161008371503758,1.25678544590469,-0.0302272571140343,-1.23815724508608
105.5,51.5095352267898,-0.161008565876477,1.27133050243348,-0.0321720125649232,-1.45889215175766
106,51.5095410070641,-0.161008708536597,1.26468657054562,-0.00370854641481486,-1.28054627654252
106.5,51.5095465545516,-0.161008713799921,1.24006935257138,-0.00559041863514704,-1.25099854600853
107,51.5095521299467,-0.161008704406784,1.23627030939347,0.00136024990461988,0.405519463762909
107.5,51.509557798025,-0.161008657755569,1.26659979259277,0.0108507862893191,-1.35003333281185
108,51.5095633788298,-0.161008601441831,1.26624709118368,0.00423832406209563,-1.82968565536992
108.5,51.5095692068858,-0.161008641462996,1.28251967778477,-0.0145745023341367,-3.85783189192334
109,51.5095748803025,-0.161008758324143,1.26880081277646,-0.0154149165569621,-4.58363433345155
109.5,51.509580603931,-0.161008789018693,1.25714347542494,-0.00637658415523689,-1.94760950397321
110,51.5095863286538,-0.161008979360559,1.27931466628589,-0.0443232262850224,-0.246322513175587
110.5,51.5095914204659,-0.161009162709168,1.0262067775142,-0.021489394873319,0.348716864339617
111,51.5095953963936,-0.161009311732956,0.76839986977732,-0.0128474135827418,-0.905284478929154
111.5,51.5095980535747,-0.16100935702096,0.498764656086854,-0.000339753369708332,-4.13664711525239
112,51.5095996848893,-0.161009393206298,0.246567394235622,-0.0122342556854111,-3.18101620744378
112.5,51.5096007973006,-0.161009172505429,0.216304763080423,0.0639353095588474,7.5864410607931
113,51.5096016276821,-0.16100834173681,0.218380051078736,0.152487292444361,29.2960871585975
113.5,51.5096024523961,-0.161007010873043,0.125790836989752,0.20678363110583,47.9465391039199
114,51.509602952866,-0.1610055430046,0.130353019121408,0.18780896690558,66.013648511083
114.5,51.5096034004783,-0.161003805039787,0.0518102807254568,0.254604455244786,77.3362866851822
115,51.5096034546731,-0.161001959642613,-0.017229395035991,0.25882257961984,90.9757721177732
115.5,51.5096032419011,-0.161000210461845,-0.0632980263945274,0.222786631771387,104.332265453559
116,51.5096028038081,-0.160998702705343,-0.122102543958865,0.207785920044937,118.143413105363
116.5,51.509602138095,-0.160997267507442,-0.166317566534067,0.196159327443044,133.071914533587
117,51.509601238093,-0.160996104797449,-0.210970038135562,0.122744599590658,149.366243560243
117.5,51.5096001748276,-0.160995452014207,-0.256680255789465,0.0659826144857401,163.613743873674
118,51.509599041021,-0.16099520873132,-0.243501165117979,0.0153142975548853,179.729019701716
118.5,51.5095973207512,-0.160995137140545,-0.497695600591815,0.0107617183075206,184.306870496561
119,51.5095943922786,-0.160995012390207,-0.770830369169741,0.0210744288806791,178.098238870657
119.5,51.5095902536818,-0.160994701716187,-1.0044576170657,0.0536485245016887,175.008037283237
120,51.5095851764284,-0.160994420956893,-1.22455966416439,0.0176351758014631,175.994099217183
120.5,51.509579575633,-0.160994402283472,-1.25373856932879,0.00282442205278233,177.952370742117
121,51.5095738973718,-0.160994455049838,-1.25971521447242,-0.0135135499799291,179.438613777818
121.5,51.5095682817329,-0.160994400286744,-1.26310482614232,0.038855180315518,180.779043699833
122,51.5095626578842,-0.160994206180085,-1.23515695808459,0.0140070245018793,180.192026009228
122.5,51.5095570112435,-0.160994146088497,-1.25346921334817,0.0113101274149175,180.545572566659
123,51.5095514391945,-0.160994251863484,-1.25183753711951,-0.0372987874068326,182.149058382085
123.5,51.5095457910403,-0.160994447512907,-1.23871338794692,-0.0153444965581953,180.818147188349
124,51.5095402186943,-0.160994585171346,-1.26133356877749,-0.019756772691535,182.150620955197
124.5,51.5095345444573,-0.160994799732634,-1.25488318476112,-0.03426698518463,181.499452415848
125,51.509528894327,-0.160995123030076,-1.24572675668807,-0.0531070320673139,181.377543459241
125.5,51.509523306552,-0.160995373874854,-1.2534201545405,-0.0126055183857329,182.305483787502
126,51.5095176697079,-0.160995378686893,-1.25145875922993,0.00554603831589841,179.93503268675
126.5,51.509512018486,-0.160995172077339,-1.27044172074432,0.0348428127785308,175.057820185261
127,51.5095063975934,-0.160995057279354,-1.22713814665398,0.000284623507924298,176.26916836877
127.5,51.5095008518576,-0.160994895830133,-1.21485075418804,0.0203010808677015,175.495088143277
128,51.5094954251326,-0.160994972007675,-1.23215584362888,-0.00961119273638986,179.192921095714
128.5,51.5094897958348,-0.160994849507767,-1.24301177732756,0.0351249736712901,178.82493814123
129,51.5094841857091,-0.160994730617567,-1.25613682495312,0.00634568249210321,179.240363216341
129.5,51.5094786526186,-0.160994794701613,-1.22521402595119,-0.0182185412852867,181.605268158843
130,51.5094730420585,-0.160994932429827,-1.26781284645315,-0.0149871749644659,181.772113522042
130.5,51.5094673030896,-0.160994996705486,-1.27306739629627,-0.00959657166736142,180.840276033642
131,51.5094616531366,-0.160995088735839,-1.25867965615877,-0.017944091802732,180.253259486281
131.5,51.5094560296071,-0.160995238757306,-1.24337651208968,-0.0193789906106886,182.069110418215
132,51.5094503833999,-0.160995336559141,-1.26706052569357,-0.0056102199248019,182.244974030526
132.5,51.5094447375072,-0.160995304783709,-1.24285021037581,0.0244607209579761,181.609588170481
133,51.50943906444,-0.160995045067575,-1.25655188122737,0.0325621740755501,180.594171156478
133.5,51.509433546379,-0.160994744226285,-1.24658125889532,0.0523560869529048,180.245319303885
134,51.5094278255591,-0.160994333316871,-1.26910683585563,0.0543800220942202,179.585900075552
134.5,51.5094222291363,-0.160993962182417,-1.22992023839618,0.0420029702659471,177.125372279372
135,51.5094166817091,-0.160993715844553,-1.2183193154262,0.0242762678940498,178.73962828681
135.5,51.5094112010108,-0.160993709333664,-1.23873408276138,-0.00968671931706399,180.924447173006
136,51.5094055692173,-0.160993745921998,-1.25606726648172,-0.00318971215226227,180.926898708896
136.5,51.5093999351348,-0.160993677966171,-1.26166323464878,0.0184865599805682,179.446619188846
137,51.5093942244094,-0.160993517881387,-1.25453734996062,0.0233746071557038,179.783520448085
137.5,51.5093885833843,-0.160993354463143,-1.24485144046412,0.0225438143368611,178.515462037636
138,51.5093830489658,-0.160993231633314,-1.22860960489425,0.00765469352957537,179.239451441488
138.5,51.5093774911203,-0.160993106524466,-1.25216591124331,0.0295450161770804,179.331161629793
139,51.5093719072293,-0.160992887088738,-1.24014610497689,0.0302981203573652,180.294087824416
139.5,51.5093663005697,-0.160992677270028,-1.23965886250671,0.0253219349314913,178.903852554307
140,51.509360600804,-0.160992479736411,-1.27292624689773,0.0291921144370492,179.335649453309
140.5,51.5093549796049,-0.160992302737739,-1.27380983141473,0.025536335853949,181.302682656028
141,51.5093492758334,-0.160992069406743,-1.23860623119151,0.0318898459124808,178.845861413942
141.5,51.509343756863,-0.160992011863779,-1.23517236775577,-0.0212248115372094,178.433826927161
142,51.5093381706124,-0.160992105629231,-1.26682832640699,-0.00659964916071552,177.183176010148
142.5,51.5093325345104,-0.160991985857898,-1.26183332246194,0.0219745260410055,177.981290930993
143,51.5093267842927,-0.160992022208831,-1.26042996619111,-0.0118040041000548,180.236549380654
143.5,51.5093212320692,-0.160992130167343,-1.24908569914791,-0.0151295915951773,183.085169228933
144,51.5093156613171,-0.16099221060336,-1.22432509616037,-0.0021317778219937,182.276450099184
144.5,51.5093100458102,-0.160992129118,-1.2643728553121,0.0113569501014819,179.247102197187
145,51.5093044151281,-0.160991962461575,-1.24522774271745,0.0284147649656939,177.502970979459
145.5,51.5092987839569,-0.160991872740536,-1.25120112820454,-0.0019754175872817,178.229621491917
146,51.5092931692836,-0.160991791610126,-1.27005224617582,0.0353564636486109,180.998194284442
146.5,51.5092874888755,-0.160991736028508,-1.25018299036293,-0.0156201817551921,181.786975735042
147,51.5092819423155,-0.160991706042455,-1.22605949030495,0.0211198729031149,180.960937185102
147.5,51.5092762646877,-0.160991618000244,-1.28151427436405,0.0154831147762055,181.135600013975
148,51.5092706041718,-0.160991394339768,-1.25775600524438,0.0367663964616333,181.045507266161
148.5,51.5092648798075,-0.16099122772936,-1.27610555346483,0.0107930385094333,179.587544458236
149,51.5092592258291,-0.160991102045119,-1.26900839688463,0.0200022842170781,179.626622451745
149.5,51.5092540330843,-0.160991015017835,-1.02303601427345,0.0105892555929571,180.276861041955
150,51.5092500328443,-0.160990947942725,-0.762338560372048,0.0113366590913202,179.977449140632
150.5,51.5092473789304,-0.160990965910731,-0.496270127744622,-0.0218536339228912,179.350174854911
151,51.5092457635353,-0.160991194488792,-0.25338870141302,-0.0405692245989359,178.708330247563
151.5,51.5092446838595,-0.160991148273699,-0.23085448348646,0.041736577923205,169.631012713885
152,51.5092437905334,-0.160990434029935,-0.205383616598365,0.147382464913681,150.639294066632
152.5,51.5092429425361,-0.160989338492034,-0.16806424975337,0.153278463621967,136.489776088005
153,51.5092423173743,-0.160987980803278,-0.127521194596982,0.216193078040134,123.086805086361
153.5,51.5092419014658,-0.160986385870224,-0.0664180881605054,0.233300775304422,105.861498238173
154,51.509241752147,-0.160984687228745,-0.0085110939760077,0.227669679055669,89.6557054861238
154.5,51.5092418759025,-0.160982899007259,0.0492810901078316,0.253100843450984,73.2715322698815
155,51.5092422982727,-0.160981220463533,0.122462999671288,0.216722919331178,60.3684522066545
155.5,51.5092429197645,-0.160979908241126,0.163465054782292,0.173884569999976,44.1526840134494
156,51.5092438803931,-0.16097871371189,0.220434071603498,0.125812596237335,31.9670279719243
156.5,51.5092448086818,-0.160978164703907,0.212213265598977,0.0638631342415734,17.2716154987694
157,51.5092458724164,-0.160977892205324,0.251350480442575,0.00621122075804744,-0.360846043328353
157.5,51.5092476058978,-0.1609779417562,0.501727904900578,-0.0179115197489121,-4.3198819933239
158,51.5092504835754,-0.1609780824822,0.746786865808251,-0.0290972834118616,1.01643958267831
158.5,51.5092546413437,-0.160978256889278,1.01996605397022,-0.0261259005859052,0.350078970941657
159,51.5092597052652,-0.160978399932684,1.24480273186992,-0.0140442611188706,0.980645023044814
159.5,51.5092654494753,-0.160978410890556,1.2424978990015,0.000144293351208545,1.69947251081407
160,51.5092711157099,-0.160978442720696,1.25821528849748,-0.0241754279578834,1.79610069457819
160.5,51.509276710007,-0.160978571006514,1.25564692108764,0.00270845567575174,-1.25632890286319
161,51.5092823599533,-0.160978484098364,1.25989216794997,0.0152671046674851,-1.17346947854711
161.5,51.5092879389607,-0.160978361057904,1.24029563621056,0.0180994102461201,-1.40029312302483
162,51.5092935074085,-0.160978182734506,1.23256562442207,0.0183181436583532,1.41674163677863
162.5,51.5092991292769,-0.160978048148771,1.25702849319386,0.0121470388430061,1.43078557495869
163,51.5093047054962,-0.160978075554154,1.25874415850152,-0.0168791254968327,0.602917092404855
163.5,51.5093104476541,-0.160978049565442,1.24008674811758,0.0192383509462395,0.765889372429455
164,51.5093159541672,-0.160978039640835,1.2698935680995,-0.0158085619494826,0.221942448560469
164.5,51.5093216539585,-0.160978061406126,1.25894690103448,-0.00230525908311784,3.08680303771193
165,51.5093273093703,-0.16097799339878,1.25642764765,-0.00315918519812131,3.57141127226175
165.5,51.5093329770081,-0.160978022644109,1.25841512456708,0.00689515425276319,3.43130084250925
166,51.5093385801556,-0.160977904248434,1.26826707404886,0.0219675492726183,1.63489187076438
166.5,51.5093443586125,-0.160977848931791,1.26397319666703,0.000629949144853537,0.816839627390936
167,51.5093499004821,-0.160977749860971,1.24123373257501,0.026721476052857,-0.688936427661708
167.5,51.5093554930075,-0.160977669632913,1.23309368782276,0.00184386244385721,0.920709774536955
168,51.509361102902,-0.160977552774806,1.26166671712321,0.0132419941700776,2.27930356165273
168.5,51.509366681001,-0.160977572572628,1.24945980948066,-0.0117147024274046,2.01624120927382
169,51.5093723326892,-0.160977720003824,1.26359882299334,-0.0287441903698141,0.23660635164497
169.5,51.509377957306,-0.160977863416965,1.24274324311363,-0.00899339664472625,0.407768981802831
170,51.5093835161533,-0.16097791811249,1.23302817530758,-0.0057713394060655,-1.61651112413258
170.5,51.5093891258983,-0.160978002842536,1.25145280110004,-0.0125003941434549,-1.91804621044974
171,51.5093946755639,-0.160978016692981,1.22403493996704,-0.000656728110892096,-0.802439827372411
171.5,51.5094000892123,-0.160978058576706,1.21942167025519,-0.0131034634670097,-0.16791862553492
172,51.5094057003829,-0.160978111832745,1.24083464046635,-0.00647458493217483,0.469056627624027
172.5,51.5094112438575,-0.160978102399046,1.2349408750351,0.000527239243212969,1.51911119229023
173,51.5094168576922,-0.160977992386926,1.23014638519995,0.0337829689279625,0.742431534515576
173.5,51.5094222998357,-0.160977839820473,1.24318363062719,0.00126212829039759,2.62785528368667
174,51.5094280256124,-0.160977770283746,1.25776430268603,0.0173060923142781,1.43880864808019
174.5,51.5094335975553,-0.160977655165334,1.25956517275248,0.0188874646904225,0.40260568918237
175,51.5094392153607,-0.160977650639754,1.22807745413064,-0.0135157260285243,-0.716250622553276
175.5,51.5094447612238,-0.160977717707717,1.2646776654876,-0.00852140703302754,-0.484002757335028
176,51.5094505142713,-0.160977598067013,1.25927152349155,0.0373993340129821,0.168162379804347
176.5,51.5094560610395,-0.160977491653883,1.26461346961178,-0.0108657918940464,0.066874865002824
177,51.5094618184996,-0.160977466252944,1.23539288680703,0.012291812587709,1.24067708865218
177.5,51.5094674056041,-0.160977259713608,1.237102357192,0.0390599859530706,0.73111913862335
178,51.5094730512212,-0.160977065215765,1.25992981297061,0.026655022330998,-2.17210207434671
178.5,51.509478614306,-0.160976896290628,1.25415235456939,0.0217236436034724,-3.25552705142622
179,51.509484230176,-0.160976668488576,1.22909516707398,0.0382592748349787,-2.45352977421648
179.5,51.5094897411391,-0.16097642497366,1.22735099703912,0.023387875700875,-0.794299594876538
180,51.5094953450146,-0.160976387209714,1.24138857946363,-0.00508765496403793,0.675371279101911
180.5,51.5095008179786,-0.160976321906479,1.23730917704087,0.0130459161853461,0.742814339103479
181,51.5095064403033,-0.160976278881916,1.22679059632408,0.00377488385164317,1.27848416952201
181.5,51.50951192898,-0.160976297592076,1.2381732005457,-0.0143032502240516,1.1972572986179
182,51.509517573282,-0.16097638919412,1.25480705127142,-0.00531128190083456,0.169328263527645
182.5,51.5095231863587,-0.16097642403203,1.24499695351845,-0.00939391953878552,0.626338288479475
183,51.5095288487931,-0.160976392041143,1.24779007569154,0.0211374973038142,-0.548134607480848
183.5,51.5095343688706,-0.160976329301049,1.25514142071348,0.00261392573312522,-2.86106341122905
184,51.5095400308858,-0.160976333829123,1.23103081790136,-0.0051050001451248,-1.93500279715549
184.5,51.5095454692562,-0.16097628737251,1.22269052882046,0.00835903673241761,-0.389988926026877
185,51.5095510795653,-0.160976349613618,1.26543067688345,-0.0255163974480429,0.884651019394581
185.5,51.5095567465865,-0.160976609711431,1.25519553374143,-0.0476983319667641,-1.05702931212431
186,51.5095623508459,-0.160976839455913,1.25169381532948,-0.0132024260354827,-1.5309534677571
186.5,51.5095679662406,-0.160976871785794,1.24497566236092,-0.00112043132671313,-1.82469940792835
187,51.5095735049499,-0.160976924385283,1.21996770032801,-0.0120412693856024,-2.40115739978008
187.5,51.5095791508744,-0.160977022681399,1.27559993876111,-0.0087041854449751,-1.81457094900839
188,51.5095848436104,-0.160976977153882,1.26711682375763,0.00298584790760142,0.307496800453145
188.5,51.5095899053295,-0.160976962546947,1.00728772898492,-0.00329142312648707,2.28652096036212
189,51.5095937863748,-0.160976929126467,0.759019527485325,0.00666892536204813,2.7912639082021
189.5,51.5095965433811,-0.160976952116962,0.490456458586063,-0.0130206603738273,4.09315264668578
190,51.509598206648,-0.160977037856133,0.238443205536451,-0.0267537502581081,4.19742419322932
190.5,51.5095992185223,-0.160976935999895,0.261527624620346,0.0570246603577043,11.7379545847144
191,51.5096002378662,-0.16097620552396,0.215705500053044,0.133338856474705,31.6504586783874
191.5,51.5096011375471,-0.160975013747065,0.167608154486224,0.180187674920564,44.6482599924455
192,51.5096017791035,-0.16097345561596,0.132359422690598,0.231794889086174,63.3420711805132
192.5,51.5096022443859,-0.160971751356709,0.0886933863589179,0.239234375919713,77.2778249003372
193,51.5096024777889,-0.160970049418232,0.0216778025085543,0.231411785249298,93.4600361845467
193.5,51.5096023508803,-0.16096826961389,-0.0669548301980692,0.235047189169553,105.568609893288
194,51.5096018943199,-0.160966757063247,-0.138821641876663,0.219422292911005,117.678608076047
194.5,51.5096011370836,-0.160965160541496,-0.180511794773183,0.184453636379062,131.693163186701
195,51.5096002967598,-0.160964080766365,-0.198482045765065,0.121046808830808,146.809528712657
195.5,51.5095992482803,-0.160963283106385,-0.256774438759916,0.100195418371254,161.200925558449
196,51.5095981251827,-0.160962942266745,-0.246837472288754,0.000458366928948992,175.873021468614
196.5,51.5095963536215,-0.160962896071908,-0.507925972320034,0.00926185270688883,181.824817619129
197,51.5095934133425,-0.160962795715519,-0.753589397822948,0.0161156779229397,180.277719464056
197.5,51.5095894204026,-0.160962731587518,-1.00844036261078,0.00269415826924751,180.608897476181
198,51.5095841695883,-0.160962669788018,-1.2754036974771,0.00744038547256235,180.876811383281
198.5,51.5095784227797,-0.160962532958129,-1.26970019139567,0.0239952481330213,178.726593986185
199,51.5095728037831,-0.160962541991814,-1.23554434529944,-0.0246577913685327,182.081332972043
199.5,51.5095671809447,-0.160962680028897,-1.24994019449669,-0.0190233683115763,179.525227406805
200,51.5095615935956,-0.160962671606053,-1.23988642346131,0.0104696192466354,180.1152049213
200.5,51.5095559483687,-0.160962643590649,-1.26989825404096,-0.00292486210947596,179.349044342901
201,51.509550246787,-0.160962529404482,-1.27487041691648,0.0215480255963331,177.882646273859
201.5,51.5095445325255,-0.160962380697426,-1.25726227462219,0.0270296245689623,180.435264668527
202,51.5095389384673,-0.160962204829877,-1.25305833427887,0.0218667956187297,180.768421249436
202.5,51.5095332245196,-0.160962045176118,-1.2649100721721,0.0282161787701131,180.16018892062
203,51.509527633827,-0.160961893638883,-1.26112169243997,0.00234776838212367,180.39578127347
203.5,51.5095219546543,-0.160961856404253,-1.26348231985361,0.0105217261612677,180.536861129907
204,51.509516275282,-0.160961710483288,-1.2530649811234,0.0258797386689273,181.762870516418
204.5,51.509510726794,-0.16096147521348,-1.24271304853593,0.0334061518134201,180.091022573189
205,51.5095051433757,-0.160961314128219,-1.23893609486153,0.017631564979914,180.423907123515
205.5,51.5094995650685,-0.160961168165298,-1.25385999545053,0.00770992758405693,179.173477051789
206,51.5094938612293,-0.160961174613131,-1.26979078838755,-0.00940074858891509,179.706793107216
206.5,51.5094883306336,-0.160961258935888,-1.22702108393184,-0.0170754280861247,181.070114916632
207,51.5094826988828,-0.16096141445941,-1.23713028865663,-0.0225745014504107,182.882200115488
207.5,51.5094770996014,-0.160961578512553,-1.23872368656009,-0.0223587216491644,180.647430477285
208,51.5094716121408,-0.160961635870955,-1.24396339614003,-0.00671649675829429,181.505278393525
208.5,51.5094659514296,-0.160961817880371,-1.23882837180741,-0.0396631960758879,181.172467015084
209,51.509460466551,-0.160961913624932,-1.24978213651199,0.00327031722898869,181.790958298213
209.5,51.5094546514932,-0.160961941920687,-1.26587700916153,-0.00619708888715521,182.614826366789
210,51.5094489622564,-0.160961903091789,-1.26473542260379,0.0257786199450056,182.150561033311
210.5,51.5094432886017,-0.160961583637078,-1.25177971640899,0.0406884536180297,179.864157039405
211,51.509437731646,-0.160961487095565,-1.25286222576317,-0.00515905150093334,182.387989133172
211.5,51.5094320126934,-0.160961307181667,-1.26493610761073,0.0399270444485034,179.589682854791
212,51.5094263716532,-0.1609611700918,-1.25207320784234,-0.00751656948698776,180.021571639093
212.5,51.5094207567122,-0.160961161736087,-1.25158519820992,0.00113036423522792,179.115446850689
213,51.5094151016463,-0.160961331262132,-1.24516371487738,-0.0518367448996625,178.661090338086
213.5,51.5094095837575,-0.160961562052486,-1.23438114005203,-0.00419428999565641,181.83873521694
214,51.5094039245384,-0.160961548309359,-1.2646689799862,0.00382203424622451,179.955113750929
214.5,51.5093983198973,-0.160961473792182,-1.24415812502061,0.0125363571747862,180.344571555285
215,51.5093927511899,-0.16096143406333,-1.2247652726947,0.00457531276027234,181.317988367239
215.5,51.5093872038708,-0.160961405691172,-1.2401287290107,-0.00975047035974747,179.107228356148
216,51.5093816645726,-0.160961506842483,-1.24392131981474,-0.0198842058753696,180.171428043725
216.5,51.5093760395847,-0.160961611290793,-1.26538301762614,-0.0105959649038773,181.186895706538
217,51.5093704493812,-0.160961696871004,-1.23699665876863,-0.0262953062872179,178.762266174452
217.5,51.5093648375765,-0.160961711782412,-1.25626260280846,-0.00493556487199075,177.020249975799
218,51.5093592691256,-0.160961697180484,-1.24132429367549,0.0146671760816842,177.620426253793
218.5,51.5093536222041,-0.160961714872225,-1.24227585611247,-0.0224949297371406,180.560836976834
219,51.5093480682755,-0.160961727427445,-1.26511170409758,0.018211897663148,179.666497300478
219.5,51.5093423464963,-0.160961599920258,-1.26563318372405,0.0085821899788561,180.818415112402
220,51.509336771263,-0.160961642821797,-1.23285521130723,-0.017570950583498,181.372291357438
220.5,51.5093310552677,-0.160961609584619,-1.27498073515937,0.015853686282625,181.391024018507
221,51.5093255304184,-0.160961569466454,-1.23085417370529,-0.0114514859763149,180.219543468509
221.5,51.5093199286677,-0.160961634568608,-1.2385030439918,-0.00928581345994058,181.827182467382
222,51.5093143608975,-0.160961535815728,-1.25330028279566,0.0235217486814306,178.177167500658
222.5,51.5093087196102,-0.160961439190463,-1.24776310771663,-0.00467567894301154,178.841426226233
223,51.5093031696386,-0.160961507266744,-1.24180230193695,-0.0121442879761678,179.605377729372
223.5,51.5092975720426,-0.160961581823557,-1.24083332868547,-0.0176686501184859,178.872356955404
224,51.5092919618946,-0.160961687750702,-1.26203802702793,-0.0131317661804141,179.433832301958
224.5,51.5092864200032,-0.160961746270868,-1.24730047668608,-0.00467415757533511,180.017184499124
225,51.5092807427132,-0.16096170773056,-1.26144627053835,0.00574771646659943,178.602641097706
225.5,51.5092752021703,-0.160961714754589,-1.2416957344423,-0.00253097853112548,181.196891083905
226,51.5092695292031,-0.16096174597992,-1.26528567891231,-0.00581456128200738,181.073379978261
226.5,51.5092639387123,-0.160961778818029,-1.24937032337182,-0.00338315634205401,182.383518222314
227,51.509258275457,-0.160961822944579,-1.2607718202524,-0.00910367086718223,182.087939264117
227.5,51.5092532513935,-0.160961799673889,-1.0030182159345,0.020593295925902,181.334796286022
228,51.5092493456405,-0.160961656566582,-0.762560388275308,0.00634887741443646,180.52874571212
228.5,51.5092466680242,-0.160961644555047,-0.51348623980512,0.00126571275426916,181.205846567046
229,51.5092450154831,-0.160961690781796,-0.256370640478698,-0.0194505378953609,181.576246473236
229.5,51.5092439874186,-0.160961397662657,-0.225645727057245,0.0907430453565356,168.942951441681
230,51.5092429702636,-0.160960578446707,-0.228086402483705,0.13642158507378,148.878317720755
230.5,51.5092420127752,-0.160959346797979,-0.205177294836922,0.179347978235366,132.807511752103
231,51.5092413397478,-0.160957862781489,-0.105515742687046,0.2305950534307,119.361245303095
231.5,51.5092409872705,-0.160956130679071,-0.0677920340378093,0.243113952809556,106.173068015444
232,51.5092408750659,-0.160954363331276,0.00100209819210603,0.251056747683624,89.9597958052447
232.5,51.5092410395853,-0.160952462534673,0.0583509654680924,0.264915150284264,76.0176149311237
233,51.5092415074174,-0.160950755203922,0.129023847932767,0.213999335082808,59.0520559808535
233.5,51.5092421954989,-0.160949334267345,0.162963377812482,0.184470565142804,44.3234137246489
234,51.5092430495839,-0.160948284473452,0.213589898255013,0.123303501203117,31.8180201542564
234.5,51.5092440707564,-0.160947599758927,0.228496328960686,0.0693672387396711,16.9019300068009
235,51.5092451756325,-0.160947446659456,0.233083607961091,-0.0218858850454523,-0.918265803188829
235.5,51.5092468612876,-0.160947596461954,0.500288563722681,-0.00989517796751497,-4.39492716318418
236,51.5092497680756,-0.16094756493357,0.768527044500387,0.00394448148536779,2.76038453450452
236.5,51.5092538843996,-0.160947579749295,1.01625101869997,-0.0136317459535404,3.56610058696635
237,51.5092591572122,-0.160947564089708,1.26025416291668,0.0142963902727841,2.23273752872747
237.5,51.5092647498886,-0.160947465716181,1.24522093037687,0.00975084543046581,-0.225308601751927
238,51.5092704363843,-0.16094736898372,1.24256789223716,0.0269600083393055,-1.07539283994129
238.5,51.5092759759895,-0.160947201078484,1.2441832723139,0.0117721558317617,-0.501341752580308
239,51.5092815701584,-0.160947312637638,1.23561392036325,-0.0428909909537147,0.592240984227252
239.5,51.5092871660564,-0.160947556111737,1.24457605867829,-0.0231274401714667,-1.11372385715515
240,51.5092927709154,-0.160947741352722,1.24299182296437,-0.0243004105991503,-2.79612517725809
240.5,51.5092983687621,-0.160947848537996,1.24889542541381,-0.00478356488466275,-3.62811644917796
241,51.5093039955405,-0.160947822477605,1.23750855384322,0.00101396855429518,-1.3006754430049
241.5,51.5093095597157,-0.160947747584423,1.25648089773064,0.00049862713713611,2.3045337431432
242,51.5093151402671,-0.160947724910194,1.22206484487635,0.00182485247932494,1.89186031679266
242.5,51.5093207404845,-0.160947551365516,1.24694741002398,0.0354333041336091,0.105366848025727
243,51.5093263215611,-0.160947411004027,1.25426982139434,0.0109558432392366,-0.289372071455455
243.5,51.509331994376,-0.160947433888739,1.25724360875305,-0.0280108598157963,0.0944598489225023
244,51.5093375752988,-0.160947509594083,1.24443823551143,0.00826330181631518,0.114186452125126
244.5,51.509343296503,-0.160947462468579,1.23598789629921,0.00346568593778124,-0.884258422617161
245,51.5093488648436,-0.160947499608176,1.24997056074278,-0.00824292460695393,-1.06401444461395
245.5,51.5093545759011,-0.160947603816328,1.25558921533457,-0.035072314738128,1.44647526335028
246,51.5093600735547,-0.160947661996249,1.21426141624105,0.023281704962361,-1.00075577568238
246.5,51.5093656031846,-0.160947604712866,1.23388961811323,-0.0061350275195052,-1.44204174117856
247,51.5093711991755,-0.16094759081973,1.24882641770591,0.00237885286032963,-0.200830591955597
247.5,51.509376827184,-0.160947567776847,1.2255158726231,0.00727616198911511,-1.65209993880072
248,51.509382310135,-0.160947559444499,1.24503123417479,-0.0104748966459569,-0.701752819266204
248.5,51.5093878790769,-0.160947627433697,1.21584767596194,-0.00743512791760826,-1.67107427602196
249,51.5093934036896,-0.160947712697413,1.25215494586048,-0.0140332043267259,-2.44792922660161
249.5,51.5093990086597,-0.160947841168655,1.23265635732283,-0.0271741667286693,-1.40143637561783
250,51.5094046224962,-0.16094802716939,1.25009468811512,-0.0277529689050854,-0.726980224649322
250.5,51.5094101554617,-0.160948238664982,1.22598292568195,-0.0303058448528211,-1.75570213893886
251,51.5094157597076,-0.160948470253188,1.23798750249148,-0.0365786406904514,-0.768079123949435
251.5,51.5094213147707,-0.16094869857301,1.25423506054466,-0.0289476176439101,-1.23466604135595
252,51.5094270229838,-0.160948902730332,1.25097115286838,-0.0211286716140711,-2.4667708251853
252.5,51.5094326802653,-0.160949039300046,1.25293412908064,-0.00682737741311808,-3.01591006367697
253,51.5094382411897,-0.160949063163243,1.22617332506348,-0.0134426008081794,-1.38449092148691
253.5,51.5094438157597,-0.160949062098052,1.23523624472276,0.0101110773192238,0.0101914905502396
254,51.5094494439218,-0.160949115163816,1.28068489883807,-0.0273384401231778,-0.760200224362387
254.5,51.5094551496606,-0.160949282600865,1.25244127418104,-0.0241291425328682,0.984748505444277
255,51.5094607818974,-0.160949302568405,1.24305527446504,-0.00331474371289722,3.49068429410007
255.5,51.509466395152,-0.160949385549152,1.25328875320574,-0.0142808527679534,3.77245045757189
256,51.5094720455785,-0.160949441761726,1.25717107774588,-0.00124243746799441,1.76277395375165
256.5,51.5094776271119,-0.160949394997461,1.24560117113862,0.0261386700096642,-0.734290598501185
257,51.5094832708158,-0.160949309022304,1.25990947915342,-0.0020259088524755,-1.9581195975848
257.5,51.5094888950588,-0.160949268311193,1.24222391079097,0.0163572496387815,0.44041216943613
258,51.5094944699429,-0.160949247101043,1.23920068062379,-0.0244946166586109,1.62772961724242
258.5,51.5095000864802,-0.160949415172931,1.26513994657401,-0.00782804845280227,-0.954200070000816
259,51.5095057163637,-0.160949335605182,1.2346960487472,0.0218749918309634,0.899391995658988
259.5,51.5095112624455,-0.160949194078063,1.24270863564489,0.0103146033025883,3.32429834686296
260,51.5095169170111,-0.160949041913831,1.2660761941272,0.0225411702551493,0.949899398307165
260.5,51.5095225610575,-0.160948873377314,1.23850979110365,0.0358265968344151,2.07526694951731
261,51.5095280882128,-0.160948495105872,1.25831676558173,0.0600310159922904,1.90043709528508
261.5,51.5095338484801,-0.160948116227624,1.26627625363558,0.0466875185277544,4.28646786558565
262,51.5095394450382,-0.160947670688141,1.26941685157445,0.0755229017730373,3.23118533163256
262.5,51.5095451723845,-0.160947247900427,1.27109188773393,0.0549044375079903,-0.122931825958359
263,51.5095508404528,-0.160946821880714,1.27217192316213,0.0640243599092083,1.18224611105497
263.5,51.5095565448907,-0.160946483717513,1.24131063227535,0.0346518107404486,-0.877067675492083
264,51.5095620335184,-0.160946267713432,1.2354467016707,0.0231729838383856,1.51418221354437
264.5,51.5095676744214,-0.16094608783189,1.24628208528351,0.022802659498883,0.987978851066872
265,51.5095732680381,-0.160946004212582,1.23616488540412,0.0018987249961265,0.45194536534847
265.5,51.5095787932253,-0.16094598954342,1.23090195051706,-0.000507750472817852,1.35718945553274
266,51.5095842981698,-0.160945885411042,1.24896113812678,0.0304817175640565,0.393380661165974
266.5,51.5095894530362,-0.160945747793961,1.01668928851264,0.00340728958222409,1.41401456334958
267,51.5095932297424,-0.160945806087622,0.768159443948975,-0.0168046009600719,-0.785876390615087
267.5,51.5095961262584,-0.160945719131996,0.50878254485355,0.0310069956041088,1.52804097050516
268,51.5095976023516,-0.160945616733511,0.254580216050876,-0.00653875894128853,3.70609236511306
268.5,51.509598852,-0.160945511991172,0.246220382145443,0.0225229260504968,12.6650290843703
269,51.5095996940884,-0.160944924649039,0.194597016156012,0.129171158409232,29.7971776145753
269.5,51.5096007034117,-0.160943705056793,0.207433398731754,0.185622061694819,46.2316916668227
270,51.5096013812353,-0.160942167623794,0.118382238922523,0.24710063919444,61.795539005425
270.5,51.509601848978,-0.16094034337093,0.0697789815068149,0.228201945169043,74.3541783443379
271,51.5096019579696,-0.160938565669514,-0.00469717167209349,0.265985990941607,88.4146432112612
271.5,51.5096018320239,-0.160936615902078,-0.0548928738189821,0.242103497834853,104.634142444745
272,51.509601337244,-0.160934796587818,-0.15026297723915,0.267745310101924,119.35599199719
272.5,51.5096006404727,-0.160933181151534,-0.176332877305231,0.197909832387865,133.451374387074
273,51.5095996721763,-0.160931897149081,-0.241923964063174,0.138476996521056,150.549548722737
273.5,51.5095987134093,-0.160931348128266,-0.207879349974798,0.0329688124248791,164.653770056472
274,51.5095977050893,-0.160931157831922,-0.246821856264191,0.00928539464651174,180.08699546729
274.5,51.5095959378963,-0.160931126316953,-0.510469106029958,0.00261335323166411,185.341366870491
275,51.5095932064343,-0.160931071217695,-0.739807407780772,0.00927620335665404,179.879803078534
275.5,51.5095890575797,-0.160930985055318,-1.00266298232559,-0.0109202033139151,177.67970860158
276,51.5095840906935,-0.160931027848421,-1.25526079801404,-0.00153074568293817,180.114568879193
276.5,51.509578249407,-0.160931007859732,-1.28898696973496,-0.00682252994018683,179.632005198722
277,51.5095726420282,-0.16093087578578,-1.27068675290336,0.0294417406872471,178.70972487776
277.5,51.509566920497,-0.160930671395355,-1.26737570206336,0.0181179705197631,179.230834583721
278,51.5095613980109,-0.16093051117984,-1.25118238214344,0.0191252516057343,180.248701870653
278.5,51.509555706583,-0.160930353044378,-1.2406134320075,0.0120022777247027,179.723561684699
279,51.50955026734,-0.160930254357693,-1.2625873999977,-0.00387735318012978,177.539836166709
279.5,51.5095444870049,-0.160930175279254,-1.27422671608793,0.00914758721075948,176.497275145671
280,51.5095387950937,-0.160930065013997,-1.26940201798184,-0.00188641442243634,178.549204187898
280.5,51.5095331757607,-0.160930123806889,-1.25294361449508,0.00223865570574167,181.806726662823
281,51.5095275777152,-0.160929996161462,-1.24178703355365,0.0120366322440582,180.728541715065
281.5,51.5095220046936,-0.160929921636345,-1.24195540623399,0.0103336421834363,182.259733181915
282,51.5095165272973,-0.160929931451297,-1.23082413146821,-0.0161113822011431,184.283526090015
282.5,51.5095109465668,-0.160930002504826,-1.24671655985745,0.00521225496765394,182.224190709581
283,51.509505386834,-0.16092990686606,-1.24570054312707,-0.00851398853011556,181.105686408966
283.5,51.509499842395,-0.160929897506097,-1.24680333916124,0.00635589807755187,178.933841269471
284,51.509494261415,-0.160929748600335,-1.25383458246152,0.0143522069586816,178.037192857017
284.5,51.5094886455624,-0.160929577029306,-1.24681227233572,0.0249676260723758,176.343281900352
285,51.5094830416299,-0.160929212743153,-1.24106345538815,0.0534136590057376,176.970035957867
285.5,51.5094774862001,-0.160928810822408,-1.24003888905104,0.0591743097149899,176.27425737612
286,51.5094719964057,-0.160928310659406,-1.24110388592926,0.0670940829113625,176.732606039509
286.5,51.5094663648176,-0.160927975500366,-1.2377064263582,0.0306600258442632,178.970218739592
287,51.5094607974644,-0.160927606647628,-1.26612671637208,0.057328362712915,177.386639078099
287.5,51.5094551390544,-0.160927252643048,-1.25545328581554,0.0341180041971551,177.710902287733
288,51.509449471798,-0.160926959005175,-1.27884551575929,0.0452079744076794,179.26518319261
288.5,51.509443741119,-0.16092668007144,-1.25898995403682,0.0155194808472786,176.266663610876
289,51.5094382052164,-0.160926460188009,-1.24691281233337,0.0354328347524235,176.214926704106
289.5,51.5094325036148,-0.160926224965148,-1.25991977771511,0.0175376608801536,174.613549961661
290,51.5094268297083,-0.160926113897439,-1.26672076526556,-0.00797295939362924,179.500363777187
290.5,51.5094211397081,-0.160926187545045,-1.26843380686822,0.00639421812948103,180.030602816301
291,51.5094154161043,-0.160926023553274,-1.28097991504782,0.0136766025615942,179.882884259528
291.5,51.5094097615619,-0.160925998739554,-1.25348390183221,0.00048659575822238,180.924752644241
292,51.5094040959868,-0.160925986091287,-1.27128769662561,-0.0149639678320452,179.827479080488
292.5,51.5093983079019,-0.160926016938384,-1.27649990832454,-0.00940157758471668,178.809189493512
293,51.5093927322075,-0.160926065723224,-1.25724395873988,-0.0066910617321155,178.934396908109
293.5,51.5093871193479,-0.160926177719623,-1.24852762399281,-0.0286767769951174,179.813385927419
294,51.5093814677274,-0.160926430631965,-1.2331367585541,-0.0427493964718524,180.354924580378
294.5,51.5093759599135,-0.160926660530926,-1.24908835717257,-0.0215038547078662,181.66769716277
295,51.5093703584954,-0.160926877681777,-1.24565185807179,-0.0350559692957675,182.502182886299
295.5,51.5093647795445,-0.160927175799648,-1.23264904725377,-0.0455463317285465,184.589339883365
296,51.5093592554945,-0.160927456277742,-1.24758890491125,-0.0428202120839234,181.784748520712
296.5,51.5093536845851,-0.160927635919744,-1.22256270145386,-0.00901727286793128,183.693707373672
297,51.50934814307,-0.160927507760729,-1.25265845659711,0.0357786785008776,180.463281973869
297.5,51.5093425645982,-0.160927461023314,-1.21775049079222,-0.0118112262398311,180.530453405406
298,51.5093370710202,-0.160927515866255,-1.26440158548961,-0.013677479517647,180.851538288662
298.5,51.5093313102882,-0.160927687858144,-1.26663496031155,-0.0265970157786965,181.53052740562
299,51.5093257275946,-0.160927798207577,-1.23390746158573,-0.0166113850267447,179.478549303528
299.5,51.5093201990454,-0.160928044270649,-1.23827932060735,-0.0556972985089943,178.467013843773
300,51.5093146335996,-0.160928356160938,-1.23756581499567,-0.053761762177654,179.733025979426
300.5,51.5093090091017,-0.160928678210511,-1.27301813514834,-0.00734795818864253,182.959997891474
301,51.5093033136455,-0.160928680649049,-1.25517495367876,-0.0024192809818802,183.595651304978
301.5,51.5092977850034,-0.160928806989937,-1.23008350644391,-0.029766005401047,182.820896677561
302,51.5092922182233,-0.160928925285396,-1.23961447088042,-0.01718626803391,180.472148646254
302.5,51.5092866265054,-0.160928960418177,-1.23510719690952,0.0050515810853415,180.985686042774
303,51.5092811608928,-0.160928903989305,-1.22613638666918,0.0110808062285421,181.143868196686
303.5,51.5092755549181,-0.160928904248144,-1.25021197835961,-0.0169358974684316,180.160164348268
304,51.5092700226578,-0.160929004857616,-1.22036141008982,-0.0108899594838112,180.601810246287
304.5,51.5092644313219,-0.160929033825948,-1.27376373276739,0.00124572197289854,180.074749079532
305,51.5092588135348,-0.160928988620384,-1.25278469763147,0.016573608519781,181.028842916114
305.5,51.509253790954,-0.160928919978737,-0.968850561914213,0.00423612343192911,180.751655394789
306,51.5092500526743,-0.160928836760765,-0.754131183864098,0.0208837599780419,181.065325449606
306.5,51.5092473240243,-0.160928881445226,-0.503669941338779,-0.0326650722352724,180.604687612477
307,51.5092457453372,-0.160929040355907,-0.240943852828734,-0.0113143056534635,180.55336632534
307.5,51.5092445836751,-0.160928793360916,-0.25271343916936,0.071008896614086,169.385635044204
308,51.5092436275028,-0.160928100411121,-0.208079910216459,0.113312846222706,148.764517209255
308.5,51.509242749654,-0.16092699073178,-0.161205382743697,0.181231449778751,133.695706834344
309,51.5092421897012,-0.1609255253011,-0.118591603435818,0.230468759565426,120.056777709951
309.5,51.5092417336292,-0.160923763004674,-0.0760291924565576,0.245858614757036,104.41011206093
310,51.5092416009788,-0.160922073321043,0.00385430899943755,0.220106363238978,88.3561502033022
310.5,51.509241808678,-0.160920462693799,0.0780518827976229,0.243409916084663,74.5305763517556
311,51.5092422586926,-0.160918667115202,0.108511238771387,0.241150509383928,61.6387742813894
311.5,51.5092428283338,-0.160917327283468,0.155261273305183,0.181586089172243,46.9238775490166
312,51.509243743248,-0.160916111497074,0.22787545855621,0.131236890226546,30.9982065837642
312.5,51.5092447422751,-0.160915355180462,0.216074102550274,0.0930109047896857,13.6753151977695
313,51.5092457526382,-0.16091500128408,0.225020950822892,0.0177025578506169,-0.399297964651492
313.5,51.50924736282,-0.16091495042606,0.485878068301285,0.00194569535841202,-6.17507750151934
314,51.5092502872354,-0.160914887949884,0.750001154174724,0.0164387299918293,-2.06712713052766
314.5,51.5092542156386,-0.160914755715709,0.974234616364837,0.00560492919366084,3.41355399190933
315,51.5092592678828,-0.160914676281165,1.23904338740888,0.0024067503676458,2.568941190508
315.5,51.5092648354441,-0.160914710853658,1.23608903230994,0.000521593224481934,2.51069934652878
316,51.5092703769941,-0.160914556351007,1.2386706990624,0.0353656041169526,2.4285873431513
316.5,51.5092760795859,-0.160914505522781,1.25132990073147,-0.00617030603370351,-0.915416967954606
317,51.5092816490766,-0.16091449264937,1.2689960225383,0.00915887936518408,-0.286775732234436
317.5,51.5092873164852,-0.160914354103366,1.26067452253431,0.0298851899071346,1.59583835018771
318,51.5092929862082,-0.160914131602755,1.25379402029796,0.017061249482906,5.10732356911218
318.5,51.5092986219676,-0.16091408150715,1.253831104237,0.004937063964672,3.18234172838724
319,51.5093042476144,-0.160914119747396,1.25089084707982,-0.00406169914159533,1.32632939158216
319.5,51.5093098436524,-0.160914180914832,1.2472564734427,-0.00442832736249534,0.127776175839377
320,51.5093155019888,-0.160914200990961,1.25727184076832,0.00259023643522419,-0.265651624432209
320.5,51.5093211092119,-0.160914212941417,1.25834739291807,-0.000617044427971,0.595251700257929
321,51.5093268058761,-0.160914327216754,1.25850087890594,-0.0173031507250295,-2.2617586926973
321.5,51.5093323386734,-0.160914416169174,1.22941682477093,-0.00436267933621772,0.185590484343582
322,51.5093379276668,-0.160914420954558,1.22732656920612,0.00209392017455607,1.02515387503274
322.5,51.5093435145548,-0.160914511836452,1.24211152316172,-0.0220153125465358,-0.212414578584358
323,51.509349092161,-0.160914752556849,1.2537196104537,-0.0321445666566678,-0.0759052758313595
323.5,51.5093547533991,-0.160914967827476,1.25267982335446,-0.023404648175142,-0.0212979015642991
324,51.5093602955884,-0.16091510674561,1.23205849007271,0.00137122627031858,-1.78860184404473
324.5,51.5093658670942,-0.160915218173099,1.25039589489008,-0.0225653459405217,-2.10978279963861
325,51.5093715684812,-0.160915527048509,1.28112042671189,-0.0484446264730419,-1.49828566777337
325.5,51.509377250359,-0.16091580388644,1.25597459693463,-0.0291996183657742,0.100843234139736
326,51.5093828625496,-0.160915830880927,1.25212156403791,0.0285722044066237,1.9196287436139
326.5,51.5093885406794,-0.160915826814401,1.26178054549064,-0.020486656857686,1.86151315206125
327,51.5093942256502,-0.160916024599527,1.27471614449813,-0.0141467540742804,-0.455476288633447
327.5,51.5093998880304,-0.160916143681467,1.26225574293918,-0.0137145170227603,0.764287533762359
328,51.5094054992643,-0.160916265055402,1.23038058588609,-0.00951940654284704,0.536159037875122
328.5,51.5094110636044,-0.160916363978115,1.23864486036309,-0.00888017873858181,0.828573467633276
329,51.5094165667625,-0.160916498447895,1.22722793473808,-0.0187229304161567,1.06637795006515
329.5,51.5094222310485,-0.160916690822512,1.25347304888714,-0.0211943236118969,0.340055041659956
330,51.5094279081194,-0.160916734136402,1.26240686931665,0.0133304699824006,-0.148676510465869
330.5,51.5094335260643,-0.160916650907608,1.24198220625437,0.0238647259167376,0.428047245454239
331,51.5094390773028,-0.160916485775619,1.23343487752672,0.0277614350405176,0.19899191690171
331.5,51.5094446239267,-0.160916317633065,1.26738180328135,0.0310094476041586,1.25840821724025
332,51.5094502901722,-0.160916243321586,1.2349219743272,-8.39819580414104e-05,0.199514459909187
332.5,51.5094558790494,-0.160916228225481,1.24297336141945,0.0131942595434432,0.273480455170331
333,51.5094615332941,-0.160916336182301,1.27485519528782,-0.0274404638024915,-0.769456256257681
333.5,51.509467155744,-0.160916433690776,1.23784564796153,0.00647102474653488,0.332090178884766
334,51.5094727432634,-0.160916440306455,1.24039176115709,0.00111703267256446,-0.762718768649716
334.5,51.5094782700942,-0.16091654933449,1.25577520329213,-0.0196478808824773,-1.71764746845585
335,51.5094839100484,-0.160916652214096,1.23851921817415,0.00319140765273067,-1.55842390469797
335.5,51.5094894497173,-0.160916592495825,1.24809206078786,0.0100272522196082,0.0627606031176619
336,51.5094950667173,-0.160916567580817,1.23835013951692,0.00169443716896319,0.200085101860398
336.5,51.509500590022,-0.160916485024504,1.24098360748118,0.0260589113870391,-1.09529297608012
337,51.5095062411456,-0.160916420368719,1.26474685255468,-0.00259998826506111,-1.53923395346102
337.5,51.5095119401554,-0.160916532909991,1.25554546884511,-0.0199346668887831,-0.657316369891471
338,51.5095174988508,-0.160916530859993,1.24201970479192,0.0179146873079118,-1.77595925701981
338.5,51.5095231210027,-0.160916547923518,1.25434634319137,-0.0143971158547797,-1.90930872075883
339,51.5095287042635,-0.160916479918837,1.22346304965428,0.0157674222030671,2.41224100005489
339.5,51.5095341821057,-0.160916468563343,1.24813030953422,-0.00946874859630578,1.66189198890759
340,51.5095398024756,-0.160916563610357,1.24257558114832,-0.0168625068520585,-2.11903072738597
340.5,51.509545395071,-0.160916656279844,1.25393573210411,0.00433195593021743,-1.42903411349379
341,51.5095509661737,-0.160916504365434,1.24356957174013,0.0262646489054299,-0.591271468047261
341.5,51.509556627818,-0.160916451819758,1.26948635281742,0.000837145526627149,-1.92362508338885
342,51.5095622928537,-0.160916498943012,1.2748193435904,-0.0137543706639878,-2.22977866269104
342.5,51.5095679563,-0.160916602257514,1.2469935842471,-0.0089425806864132,0.0575206815361557
343,51.5095735409136,-0.160916626350618,1.24531291460749,-0.00125951940246829,-1.1399384922371
343.5,51.5095790815907,-0.160916611890848,1.22942326953241,0.0115792834212684,-0.360386117075177
344,51.5095846419037,-0.160916772661092,1.22799031169401,-0.0528597369096018,-2.79386796954518
344.5,51.5095894957237,-0.160917028731366,0.973186295495931,-0.0132882206882152,-2.55906375412286
345,51.5095933890193,-0.160917058925068,0.737940232312775,0.0154126327451512,-2.93069629644919
345.5,51.5095959720895,-0.160916917837983,0.490649767390269,0.0108057631404874,-1.01054148398347
346,51.5095975488778,-0.160916867382547,0.23746919826098,0.00884629517697225,-1.639649105609
346.5,51.5095984930258,-0.160916524708492,0.206862357719577,0.0716269639967479,10.5557995784347
347,51.5095993230644,-0.160915786547942,0.180923314780571,0.12933529975531,31.5847379991605
347.5,51.5096001609901,-0.160914737107931,0.163711844033942,0.141171685941466,44.2355666039348
348,51.5096006893624,-0.160913506530828,0.104835365809922,0.212212189502588,57.1083050155121
348.5,51.5096011094539,-0.160912002377124,0.0651611025856651,0.193604849256704,74.365260571157
349,51.5096011929619,-0.16091034690218,-0.0140241026684289,0.256333518995811,91.1719661212235
349.5,51.5096010689092,-0.160908633283258,-0.0464896374637798,0.22515924415946,106.041072397076
350,51.5096007127537,-0.160907122679608,-0.108472077272746,0.191772513536736,118.894013823939
350.5,51.5096001184217,-0.160905884911546,-0.16568174139083,0.161659524177822,132.493903784124
351,51.509599290325,-0.160904927470228,-0.214206040658239,0.115125262044729,150.728431901826
351.5,51.5095982535067,-0.16090431183562,-0.240414520920414,0.0527248897622343,165.657664304974
352,51.5095972278422,-0.160904222131704,-0.242701113859965,-0.00996281011125081,180.87062919915
352.5,51.5095954902565,-0.160904312138419,-0.510986384411399,-0.0128004542770499,187.290732426131
353,51.50959258619,-0.160904470340041,-0.761878792251509,-0.031177778797319,181.660165796107
353.5,51.5095884471534,-0.160904608453738,-1.03938705784293,-0.0207785645656631,179.768091542967
354,51.509583374214,-0.16090485839476,-1.24214500488868,-0.0430522029235002,181.624076048486
354.5,51.5095776236855,-0.160904930305683,-1.25284408051825,0.0167632463848247,179.831478565725
355,51.5095720607079,-0.16090492083729,-1.24152838928615,-0.0112616615283923,179.818630616654
355.5,51.5095664653002,-0.160904959129837,-1.259880071709,0.00164349789058933,181.300619607048
356,51.5095608890638,-0.160904982800417,-1.24404408306164,-0.00496670871727019,181.536650402393
356.5,51.5095554385092,-0.160905031152995,-1.22912528396533,-0.017042208455758,179.882336652696
357,51.5095497369198,-0.16090509958086,-1.28404371336561,-0.00457200020150906,178.935058989838
357.5,51.509544076076,-0.16090502461337,-1.26364546279314,0.0235303169664162,180.936250391721
358,51.5095383713597,-0.16090481871735,-1.2728603517663,0.0366744471090599,179.929764280424
358.5,51.5095327555588,-0.160904526210813,-1.26212995887096,0.0382425891479442,180.153165539449
359,51.5095271139657,-0.160904364337578,-1.27075325310782,0.0144776492154834,181.406488601312
359.5,51.5095213747223,-0.160904239215015,-1.26766227338648,0.0190026321331018,182.291127661208
360,51.5095156747177,-0.160904236617655,-1.26705136783341,-0.00244864662485413,181.406350857056
360.5,51.509510075686,-0.160904213954325,-1.26097632977345,-0.00167004258446353,183.727657082275
361,51.5095044235827,-0.160904300772516,-1.25647891902513,-0.0171800047199947,181.63904359216
361.5,51.5094988259153,-0.160904342675258,-1.25103417061407,-0.0104684152746289,180.465541796024
362,51.5094932358693,-0.160904408266671,-1.26566871284229,-0.00081233227773387,181.143242815251
362.5,51.5094875933795,-0.160904443219981,-1.24173160143205,-0.00241650928174853,181.440379049802
363,51.5094820208213,-0.160904364847124,-1.27034088052418,0.0119975587022295,179.855024268534
363.5,51.5094764557839,-0.160904319291039,-1.23301314229341,0.00328429828794387,180.941958241772
364,51.5094708316819,-0.160904302386001,-1.23854337118026,-0.00508650118557644,179.745217030854
364.5,51.5094653776866,-0.160904285527147,-1.2500487533293,0.00883573380235283,180.496550569527
365,51.5094597209381,-0.160904201446453,-1.26437471603462,0.0176096142616056,180.720240892869
365.5,51.5094540844368,-0.160904111194727,-1.25411091020801,0.00148069970362582,180.894744606278
366,51.5094484225329,-0.160904104753913,-1.29488410907999,0.00132868443047009,181.010269624296
366.5,51.5094426869888,-0.160903992206747,-1.25040475057259,0.0161363135659282,177.695355573722
367,51.5094371677387,-0.160903902416348,-1.23823233091454,0.00758247093273015,177.669359643248
367.5,51.5094315936232,-0.160903677711858,-1.25697014670196,0.0477608627527382,179.116488298043
368,51.5094259153656,-0.160903498382385,-1.25261382405313,0.0105926298186772,178.403366227542
368.5,51.5094204048613,-0.16090340881135,-1.24423028521556,0.00389314339418553,176.911224071893
369,51.509414739148,-0.160903529881892,-1.24814869239339,-0.0269707877375067,178.76319238827
369.5,51.5094091846142,-0.160903570555003,-1.25952890011767,0.0256701633128379,181.311745170124
370,51.509403582275,-0.160903527948534,-1.23517238086055,0.00684460332066737,182.482658317895
370.5,51.5093980484601,-0.160903464440589,-1.22229375067846,0.00465420788434041,182.956693815486
371,51.5093925792342,-0.16090346162497,-1.2393339071398,0.00250724775170666,182.714126191022
371.5,51.5093870295577,-0.160903510928985,-1.23129293736821,-0.0209144583422963,182.609693795788
372,51.5093814822848,-0.160903570574904,-1.24907369949682,0.00528263938243603,181.808119858074
372.5,51.5093758760862,-0.160903642598656,-1.22346941085993,-0.017598067424393,179.893018076047
373,51.5093704329307,-0.160903603488292,-1.24824317397365,0.015054610720624,179.548553594124
373.5,51.5093647424948,-0.160903440634853,-1.24359813533474,0.0347448374510207,178.876401064112
374,51.5093592835578,-0.160903208322984,-1.24191490268253,0.0258486514637761,179.987446368108
374.5,51.5093535934259,-0.160903013933541,-1.25324906719102,0.0287605869438468,178.806433716908
375,51.50934792084,-0.160902806937177,-1.26286117330317,0.0289804579279634,178.525063272037
375.5,51.5093423623674,-0.160902645301438,-1.24207351155673,0.0144867315039435,177.559100649703
376,51.5093366497567,-0.160902504052537,-1.27660461248193,0.0274399797695219,178.731190272113
376.5,51.5093309513747,-0.160902349177177,-1.27103990522902,0.0300219780300575,182.775137409687
377,51.5093253880355,-0.160902271539855,-1.2308471637383,-0.0121197602581351,180.86267567709
377.5,51.509319768478,-0.160902290440092,-1.24942929606093,0.0116123676461124,181.614475200151
378,51.5093142200589,-0.160902220902334,-1.23433254039397,0.00913474083004802,181.715309566806
378.5,51.5093085827872,-0.160902091685098,-1.27508198791283,0.0247020835036934,180.058023861038
379,51.5093029080347,-0.160901965792796,-1.24419581799531,0.0109954824098673,179.423679721897
379.5,51.5092973443213,-0.160902103447709,-1.26150934987353,-0.0381249480167962,181.139796834434
380,51.5092916589261,-0.160902341224727,-1.24989853915697,-0.0279112976836615,181.090721797612
380.5,51.5092860315734,-0.160902595606492,-1.27147099963786,-0.0312742334147042,183.076665061562
381,51.5092803559749,-0.160902850096982,-1.24442628555679,-0.0383547509566878,182.774210402208
381.5,51.5092748326702,-0.160902945557021,-1.23805058839829,-0.00125736038289019,178.726524504341
382,51.5092692426806,-0.160903084008761,-1.25338456390403,-0.0365497631992837,179.331379413328
382.5,51.5092635582615,-0.16090318148306,-1.25871433401383,-0.00254222250961349,179.661573577788
383,51.5092580088087,-0.160903384881472,-1.2489066707069,-0.042816434144768,179.149243800055
383.5,51.5092529734165,-0.160903468385534,-0.99984202637595,0.00968855550236468,178.411770715285
384,51.5092491178316,-0.160903429405207,-0.751444181697168,0.0101211341294596,179.29818045209
384.5,51.5092464930861,-0.160903406468503,-0.508995378537147,-0.00505336173380578,179.061327286055
385,51.5092447984709,-0.16090346942564,-0.253796037665393,-0.0141055885354243,179.164980376909
385.5,51.5092437838774,-0.160903286049069,-0.260058397288859,0.0604293326342768,165.737185038249
386,51.5092426215388,-0.160902497572996,-0.220775201718721,0.137005218966494,144.485003947056
386.5,51.5092418517439,-0.160901465758909,-0.178091809826853,0.153403363815206,132.014698659945
387,51.5092411657681,-0.160900068572996,-0.107431454222354,0.222994754986726,117.818595848879
387.5,51.5092407966698,-0.160898316586439,-0.0610375647612366,0.252203307943364,104.827783016641
388,51.5092406999777,-0.160896440250183,-0.00573579494725656,0.281137752978697,89.2053983769253
388.5,51.5092408370537,-0.160894551932843,0.0577756090894758,0.24432604201946,74.458853100359
389,51.5092412422792,-0.160892865129576,0.105580774493804,0.232889324860929,59.7422693683084
389.5,51.5092419157083,-0.160891511982346,0.183986608970366,0.149589900201181,46.8788450801827
390,51.5092427685342,-0.160890508926402,0.194597889512992,0.134290116123267,31.3542791438133
390.5,51.5092438119919,-0.160889808736357,0.248159641860064,0.0756996424380159,16.6354519825555
391,51.509244961035,-0.160889679294172,0.264877179852935,-0.0207810959428379,-2.37850921077388
391.5,51.509246684473,-0.160889756980865,0.487559268684457,0.0105090092510296,-8.04957280704763
392,51.5092496757411,-0.160889663884831,0.761296588573719,0.0238169347949217,-2.99603914887264
392.5,51.5092536475147,-0.16088965066361,1.00509051081032,-0.00135491385419204,-0.0155744710537401
393,51.5092588593142,-0.160889693884707,1.25351492865218,-0.0227450746312339,1.69618073387187
393.5,51.5092646078658,-0.160889854488844,1.25335629080365,-0.00521007077062645,0.303538736867761
394,51.5092702548279,-0.160890024645671,1.26430660216084,-0.0349882900342285,-0.81774953775299
394.5,51.5092758280158,-0.160890400370065,1.25010577144332,-0.0612657993449796,-0.58070093648474
395,51.5092814350703,-0.160890619504322,1.22554628886475,-0.00892668599093855,-0.712454064823537
395.5,51.5092870038385,-0.160890690733414,1.24608668976035,0.0126876175231518,-3.18468277343037
396,51.5092925588739,-0.160890780658,1.24552710511993,-0.029657640024558,-5.45213594285252
396.5,51.5092981453398,-0.160890936313745,1.23175905901396,-0.0103506591686915,-3.34666928952772
397,51.5093037422439,-0.160891099073643,1.24948947031548,-0.0383479697393347,-2.28690151267208
397.5,51.5093093468734,-0.160891339072536,1.22988966629154,-0.027500208633977,-0.328564338973495
398,51.5093148863705,-0.160891503889234,1.25173865224525,-0.0185145537930433,-0.56026279369851
398.5,51.5093205607567,-0.160891639863939,1.25842804725757,-0.0105824743890546,-1.07386788450244
399,51.5093262652618,-0.160891836840953,1.27963152136977,-0.037502876225093,-2.72085457213728
399.5,51.5093319484672,-0.160891979768727,1.24265867539201,-0.0010555021505691,-1.23573703199281
400,51.5093375857983,-0.160891898564431,1.23549971376313,0.0318385076348976,-0.281942977823907
400.5,51.5093431212328,-0.160891805090486,1.2621795392838,-0.0113406484003027,0.245188782661744
401,51.5093487563336,-0.160891763961383,1.22017937941897,0.0239429976614559,2.03295085871444
401.5,51.5093542867437,-0.1608917207881,1.26105283531993,-0.00136420322815904,-1.3866044515353
402,51.5093599205679,-0.160891817998025,1.25072917500888,-0.0235997303141675,0.728420425615255
402.5,51.5093655851818,-0.160892024189786,1.24202471156225,-0.0392632934930725,-0.157132754320751
403,51.5093711137022,-0.16089240128764,1.25600689664941,-0.0495524426698703,-1.46547408448098
403.5,51.5093769198358,-0.160892757536024,1.25617366246509,-0.0557341883832129,0.0423818179317845
404,51.5093823796366,-0.160893180358117,1.24497065882131,-0.0513592086993873,-2.57738397791245
404.5,51.5093881197723,-0.160893486964754,1.25408953764369,-0.032786924794592,-2.0628846566854
405,51.5093936808237,-0.160893588409136,1.20751461584731,0.00316460366779309,-0.414707841739763
405.5,51.5093991441249,-0.160893629852231,1.24161452802627,-0.0215972611025128,0.552851670938216
406,51.5094047727025,-0.160893655846294,1.23972197867079,0.0112303555748158,2.4097647311228
406.5,51.5094103241364,-0.16089361747327,1.23953576646813,0.000682082090153087,0.799688684495708
407,51.509415908901,-0.160893682400274,1.23488359204351,-0.00462120162042814,-2.49179213388238
407.5,51.5094214837213,-0.160893750956635,1.24933276071104,-0.00785021193079614,-0.446249079991256
408,51.5094272209778,-0.160893723239125,1.27249157177451,0.00309911470669198,-0.766221081700461
408.5,51.5094327690581,-0.160893632341598,1.23942678677882,0.0236680731987018,0.471594957907814
409,51.5094383881991,-0.160893495507316,1.22357943318783,0.00881910299356415,-0.481420082601855
409.5,51.5094439044803,-0.160893412586534,1.26428029749885,0.0233858930363961,-2.02375294411086
410,51.5094495373055,-0.160893375635476,1.2558386773507,0.00386693474193951,-1.63133365800551
410.5,51.5094551976378,-0.160893182794618,1.23448242768276,0.0264164804388351,0.836434057120803
411,51.5094607377565,-0.160892994512149,1.24904220800559,0.022261202527233,3.61520647258785
411.5,51.509466302719,-0.160892817478032,1.22969657374727,0.028265176546644,0.3802576312118
412,51.5094718767912,-0.160892740439342,1.23793352834631,0.00800979548761346,-2.41445780946596
412.5,51.5094774949848,-0.160892664425436,1.2468391318477,0.0265965821195733,-1.62018255720492
413,51.5094830355608,-0.160892353524607,1.22549851267367,0.0332348627990268,1.67915294664182
413.5,51.5094885863658,-0.160892254008076,1.25599608160767,0.00127429877323184,0.776720806491399
414,51.5094942347098,-0.160892199981132,1.2317913921474,0.00885707346478617,0.473294958444385
414.5,51.5094996549227,-0.160892246063281,1.23912920365906,-0.016016105842479,-1.07055639759496
415,51.5095052218468,-0.160892335777925,1.22992661590644,-0.0149363419548561,0.720676612325508
415.5,51.5095107386168,-0.160892417190338,1.23668794125036,-0.0137101313038166,1.48405537679838
416,51.5095163959129,-0.160892608001975,1.26990783663713,-0.0337406186310336,0.424608441954938
416.5,51.509521920663,-0.160892674706969,1.21112269550653,0.0210493966916856,-1.28246922279861
417,51.5095274496918,-0.160892699510005,1.23930695418558,-0.0286042304849508,-0.409529648676888
417.5,51.5095330229246,-0.160892975863387,1.23382580388469,-0.0494961213593794,-1.83139781299918
418,51.5095386349278,-0.160893281090984,1.25097781784191,-0.0194530327673131,-4.55444914727199
418.5,51.5095441472792,-0.160893360713522,1.24019942860204,-0.0179455744935918,-0.395962453884617
419,51.5095497998491,-0.160893434092011,1.23964174566108,0.00431895784312705,-2.78402311211353
419.5,51.5095553076085,-0.160893388196632,1.23448459211521,0.00813385458385704,-1.55576668054541
420,51.5095608973564,-0.160893445550148,1.240086992683,-0.0181226000120566,0.54198688620518
420.5,51.5095664238034,-0.16089341088323,1.22667424162913,0.0152736262417092,0.910105122637224
421,51.5095720409365,-0.160893319343939,1.25855539943041,0.0199591484003723,-0.0692228907198877
421.5,51.5095775643879,-0.160893188990148,1.23249253891625,0.0216215657840748,-3.27598229583854
422,51.509583182909,-0.160893135973324,1.25721596096417,-0.00688284091087661,-2.09061666195566
422.5,51.5095881622097,-0.160893158154075,0.965499618605412,0.00802010504925461,-1.32939530725064
423,51.5095918455717,-0.160893124685677,0.734894487756616,-0.010016527210165,-1.39535683975271
423.5,51.5095945730032,-0.160893182024044,0.485067593425135,-0.00620410279894133,1.05922610366537
424,51.5095961512887,-0.160893157401306,0.291544135531854,0.0115027929729704,-2.160207307566
424.5,51.509597075411,-0.160893131763082,0.129523306396939,-0.00392121929524561,-3.28218495884687
425,51.50959731958,-0.160893162969946,-0.000727454851093493,-0.00851996290306212,-0.217774871907839
